id,name,type_id/id
blain_podiatry,Blaine Podiatry,practice.general
lynden_podiatry,Lynden Podiatry,practice.general
desert_springs_va,Desert Springs VA,practice.va
silverwood_hospital_center,Silverwood Hospital Center,practice.hospital
springhill_cinic,Springhill Clinic,practice.hospital